,timestamp,open,high,low,close,adjusted close,volume,dividend amount
0,2022-04-13,507.87,534.13,499.57,526.07,526.07,4536593,0.0
1,2022-04-08,548.0,575.81,514.22,515.6,515.6,6705959,0.0
2,2022-04-01,567.33,601.62,544.03,548.69,548.69,8110272,0.0
3,2022-03-25,575.0,597.74,555.37,561.87,561.87,6085925,0.0
4,2022-03-18,514.96,583.855,491.31,579.88,579.88,8357985,0.0
5,2022-03-11,553.37,565.78,504.455,512.15,512.15,8265995,0.0
6,2022-03-04,578.2,599.58,542.41,547.07,547.07,7030858,0.0
7,2022-02-25,544.07,580.3,502.4578,580.23,580.23,6377262,0.0
8,2022-02-18,578.87,593.8754,551.515,556.01,556.01,5673372,0.0
9,2022-02-11,577.99,621.41,563.97,583.72,583.72,8171998,0.0
10,2022-02-04,567.27,594.85,554.78,577.52,577.52,8415310,0.0
11,2022-01-28,500.29,563.4979,479.35,561.08,561.08,19090560,0.0
12,2022-01-21,524.7,544.46,507.13,507.74,507.74,9283959,0.0
13,2022-01-14,550.1,591.52,514.66,531.02,531.02,12166028,0.0
14,2022-01-07,648.16,651.41,555.0,566.39,566.39,8985923,0.0
15,2021-12-31,655.98,667.64,646.02,649.11,649.11,2560839,0.0
16,2021-12-23,605.0,651.69,601.2201,648.57,648.57,3801317,0.0
17,2021-12-17,644.65,661.165,587.02,615.63,615.63,9247571,0.0
18,2021-12-10,601.58,672.97,594.05,647.0,647.0,6160152,0.0
19,2021-12-03,659.63,679.62,593.16,613.11,613.11,8861951,0.0
20,2021-11-26,675.71,683.96,624.14,649.55,649.55,4605518,0.0
21,2021-11-19,689.46,695.61,674.14,675.97,675.97,4233742,0.0
22,2021-11-12,693.72,697.275,663.82,691.4,691.4,4569152,0.0
23,2021-11-05,700.0,707.6,672.22,692.01,692.01,3918542,0.0
24,2021-10-29,686.65,698.43,663.61,697.76,697.76,6415859,0.0
25,2021-10-22,663.5,692.97,657.33,686.65,686.65,5058012,0.0
26,2021-10-15,618.02,665.61,612.14,663.18,663.18,5067693,0.0
27,2021-10-08,635.4,648.36,609.47,617.58,617.58,6015874,0.0
28,2021-10-01,659.88,660.0,607.18,632.8,632.8,6117410,0.0
29,2021-09-24,644.36,670.49,640.12,666.31,666.31,3900614,0.0
30,2021-09-17,649.0,657.46,630.67,651.03,651.03,4735712,0.0
31,2021-09-10,678.63,679.0,646.74,647.98,647.98,4185601,0.0
32,2021-09-03,634.0,681.0999,633.485,678.63,678.63,5481322,0.0
33,2021-08-27,602.0,635.62,602.0,632.4,632.4,5420222,0.0
34,2021-08-20,586.0,601.41,574.38,600.52,600.52,4039318,0.0
35,2021-08-13,589.95,592.3,566.59,587.83,587.83,4043595,0.0
36,2021-08-06,587.89,597.0,577.34,590.68,590.68,3661342,0.0
37,2021-07-30,584.8,608.78,574.67,587.89,587.89,7815902,0.0
38,2021-07-23,551.74,588.48,545.0,586.18,586.18,4562960,0.0
39,2021-07-16,570.0,573.6699,554.55,556.36,556.36,5046008,0.0
40,2021-07-09,554.29,567.33,546.95,566.37,566.37,3807530,0.0
41,2021-07-02,548.0,561.89,539.745,551.83,551.83,4553615,0.0
42,2021-06-25,531.32,558.75,525.02,544.99,544.99,5806182,0.0
43,2021-06-18,500.0,537.72,498.2201,533.74,533.74,9578765,0.0
44,2021-06-11,460.02,499.51,457.0,498.01,498.01,8435647,0.0
45,2021-06-04,477.6,477.64,456.0,460.65,460.65,5274397,0.0
46,2021-05-28,475.0,487.27,470.55,473.88,473.88,7462259,0.0
47,2021-05-21,459.47,478.62,448.27,469.47,469.47,7057767,0.0
48,2021-05-14,482.5,486.01,451.0365,460.33,460.33,9911383,0.0
49,2021-05-07,507.46,508.2209,473.1,483.51,483.51,10518978,0.0
50,2021-04-30,554.0,565.29,500.28,506.37,506.37,15482557,0.0
51,2021-04-23,553.42,558.0,536.5,552.7,552.7,4403644,0.0
52,2021-04-16,529.18,560.79,524.73,556.91,556.91,5799340,0.0
53,2021-04-09,511.97,530.61,506.62,530.0,530.0,5921579,0.0
54,2021-04-01,489.46,512.905,473.21,507.01,507.01,5606586,0.0
55,2021-03-26,471.63,495.45,463.8,495.0,495.0,8149717,0.0
56,2021-03-19,490.0,509.15,463.85,470.84,470.84,8358597,0.0
57,2021-03-12,490.78,511.71,462.505,489.22,489.22,9773316,0.0
58,2021-03-05,544.82,562.43,467.15,486.96,486.96,10226011,0.0
59,2021-02-26,566.03,566.03,521.15,533.46,533.46,7238614,0.0
60,2021-02-19,591.82,594.66,559.08,570.73,570.73,4686318,0.0
61,2021-02-12,591.31,598.37,576.01,591.29,591.29,5172755,0.0
62,2021-02-05,546.01,592.54,546.01,589.73,589.73,7622870,0.0
63,2021-01-29,547.73,563.8799,508.22,543.16,543.16,11034214,0.0
64,2021-01-22,515.6,554.3395,509.685,541.09,541.09,4559702,0.0
65,2021-01-15,525.0,528.0,507.3084,513.76,513.76,6068362,0.0
66,2021-01-08,556.94,557.36,507.06,529.64,529.64,8867864,0.0
67,2020-12-31,563.0,563.0,539.305,550.43,550.43,3211098,0.0
68,2020-12-24,558.02,565.0,542.7,553.89,553.89,4353705,0.0
69,2020-12-18,538.5,566.74,525.08,565.43,565.43,7249840,0.0
70,2020-12-11,528.76,545.0,518.51,537.36,537.36,6775015,0.0
71,2020-12-04,530.0,541.74,520.98,525.7,525.7,5701525,0.0
72,2020-11-27,520.1,529.7799,510.155,527.48,527.48,4275207,0.0
73,2020-11-20,497.49,526.46,495.1891,518.06,518.06,5917948,0.0
74,2020-11-13,509.65,528.21,472.01,508.01,508.01,9345770,0.0
75,2020-11-06,499.21,537.53,472.01,535.18,535.18,8003710,0.0
76,2020-10-30,518.01,521.86,480.15,497.57,497.57,9333240,0.0
77,2020-10-23,526.44,533.37,495.17,514.01,514.01,4253058,0.0
78,2020-10-16,513.55,530.73,502.0,524.87,524.87,5044391,0.0
79,2020-10-09,495.61,510.88,489.82,508.61,508.61,5238051,0.0
80,2020-10-02,486.61,502.63,478.97,493.15,493.15,5805214,0.0
81,2020-09-25,446.82,481.65,446.2,479.97,479.97,4912574,0.0
82,2020-09-18,451.42,479.44,442.0,453.09,453.09,7101985,0.0
83,2020-09-11,439.99,468.32,432.85,445.9,445.9,5581680,0.0
84,2020-09-04,488.25,501.82,435.1,450.35,450.35,8821862,0.0
85,2020-08-28,453.05,494.0,445.0,487.87,487.87,8304206,0.0
86,2020-08-21,436.98,454.73,432.1,449.42,449.42,11191512,0.0
87,2020-08-14,430.44,442.8927,418.533,435.73,435.73,8935958,0.0
88,2020-08-07,443.72,444.79,423.714,431.21,431.21,8652248,0.0
89,2020-07-31,430.0,446.505,421.33,439.2,439.2,9168147,0.0
90,2020-07-24,425.0,454.7,414.599,425.19,425.19,7937484,0.0
91,2020-07-17,425.0,427.78,390.84,421.81,421.81,8066400,0.0
92,2020-07-10,419.29,430.83,410.97,422.91,422.91,7492700,0.0
93,2020-07-02,401.48,424.84,385.5,414.21,414.21,6328200,0.0
94,2020-06-26,396.42,409.8,385.66,399.97,399.97,7997737,0.0
95,2020-06-19,378.2,407.99,375.37,399.87,399.87,8366795,0.0
96,2020-06-12,386.58,405.53,372.87,385.13,385.13,9683992,0.0
97,2020-06-05,385.06,393.11,367.03,390.46,390.46,9300505,0.0
98,2020-05-29,396.13,396.15,352.07,387.93,387.93,8990849,0.0
99,2020-05-22,378.0,394.755,373.18,387.96,387.96,6937417,0.0
100,2020-05-15,375.0,388.5,351.29,370.46,370.46,12667578,0.0
101,2020-05-08,336.52,387.6,335.01,377.26,377.26,12747835,0.0
102,2020-05-01,307.53,357.78,295.78,339.51,339.51,14720335,0.0
103,2020-04-24,298.19,308.1351,281.57,302.94,302.94,9102530,0.0
104,2020-04-17,276.76,303.14,273.76,299.59,299.59,10876003,0.0
105,2020-04-09,259.49,285.12,255.24,278.06,278.06,10781979,0.0
106,2020-04-03,277.77,296.1698,246.67,249.57,249.57,15448772,0.0
107,2020-03-27,254.9,295.0,240.16,274.0,274.0,16088525,0.0
108,2020-03-20,251.01,302.9786,238.93,254.7,254.7,18013418,0.0
109,2020-03-13,294.39,313.0,261.61,287.67,287.67,17176288,0.0
110,2020-03-06,333.83,350.7,300.8,317.24,317.24,13293976,0.0
111,2020-02-28,327.34,342.51,307.1,326.09,326.09,10950356,0.0
112,2020-02-21,356.0,362.95,338.78,344.48,344.48,6892477,0.0
113,2020-02-14,340.72,357.0,338.9,356.16,356.16,7877624,0.0
114,2020-02-07,338.41,355.99,334.08,341.06,341.06,10160034,0.0
115,2020-01-31,300.45,343.89,298.05,338.23,338.23,13183708,0.0
116,2020-01-24,312.0,318.84,307.78,309.39,309.39,7708692,0.0
117,2020-01-17,302.35,312.79,301.0,312.52,312.52,9011800,0.0
118,2020-01-10,285.19,303.39,284.6,298.88,298.88,7315196,0.0
119,2020-01-03,286.28,293.06,277.75,291.1,291.1,5343406,0.0
120,2019-12-27,283.05,288.08,281.71,286.88,286.88,4190971,0.0
121,2019-12-20,274.33,282.83,274.11,282.63,282.63,9015369,0.0
122,2019-12-13,271.77,273.8,263.53,272.98,272.98,8381017,0.0
123,2019-12-06,283.0,283.0,269.5,272.04,272.04,9588972,0.0
124,2019-11-29,280.0,284.0,277.85,283.04,283.04,7794709,0.0
125,2019-11-22,258.0,284.295,257.3,279.98,279.98,57126747,0.0
126,2019-11-15,247.31,260.04,245.815,259.96,259.96,9581978,0.0
127,2019-11-08,254.49,255.575,238.29,248.45,248.45,9259750,0.0
128,2019-11-01,243.4,256.16,239.025,253.03,253.03,11193954,0.0
129,2019-10-25,245.09,245.8073,213.99,241.22,241.22,37056348,0.0
130,2019-10-18,270.07,276.5,240.62,243.0,243.0,14496379,0.0
131,2019-10-11,266.23,273.96,257.98,270.33,270.33,6539728,0.0
132,2019-10-04,252.2,267.22,243.54,266.48,266.48,8317029,0.0
133,2019-09-27,272.47,273.6321,245.27,250.26,250.26,8560468,0.0
134,2019-09-20,251.0,271.39,250.0,271.17,271.17,7542165,0.0
135,2019-09-13,264.0,265.84,246.5,251.96,251.96,10268866,0.0
136,2019-09-06,264.09,273.16,260.6015,263.5,263.5,6173583,0.0
137,2019-08-30,265.0,269.6,256.65,261.84,261.84,6589499,0.0
138,2019-08-23,260.0,274.56,252.58,263.07,263.07,8957735,0.0
139,2019-08-16,261.3,263.57,250.1901,256.91,256.91,7717573,0.0
140,2019-08-09,255.01,268.0,251.8987,263.82,263.82,9148793,0.0
141,2019-08-02,289.34,290.0,261.88,265.86,265.86,12123194,0.0
142,2019-07-26,293.4,297.61,279.69,289.33,289.33,12580243,0.0
143,2019-07-19,302.0,302.41,288.455,289.74,289.74,5253790,0.0
144,2019-07-12,293.65,303.17,289.65,301.13,301.13,5984741,0.0
145,2019-07-05,281.99,294.62,279.49,294.53,294.53,5809935,0.0
146,2019-06-28,287.87,288.38,273.06,274.57,274.57,9744864,0.0
147,2019-06-21,273.7,292.98,271.72,285.74,285.74,7858385,0.0
148,2019-06-14,279.36,280.555,263.95,272.25,272.25,5890395,0.0
149,2019-06-07,262.0,276.6871,246.02,274.55,274.55,8814919,0.0
150,2019-05-31,269.08,272.12,257.5,261.93,261.93,5096859,0.0
151,2019-05-24,266.96,276.5,263.54,268.95,268.95,6909583,0.0
152,2019-05-17,266.88,281.74,259.27,272.99,272.99,12041584,0.0
153,2019-05-10,260.5,275.1984,257.5,274.9,274.9,7548189,0.0
154,2019-05-03,267.1,273.82,260.35,268.52,268.52,9942391,0.0
155,2019-04-26,236.02,269.265,236.0,267.08,267.08,13023435,0.0
156,2019-04-18,244.07,246.4,232.14,237.4,237.4,7852449,0.0
157,2019-04-12,236.4,247.74,233.506,244.3,244.3,6090643,0.0
158,2019-04-05,249.99,250.35,230.1401,236.98,236.98,8460077,0.0
159,2019-03-29,238.79,247.2386,235.6,246.49,246.49,7042529,0.0
160,2019-03-22,242.53,251.65,239.8,241.21,241.21,9360717,0.0
161,2019-03-15,235.51,244.63,235.13,241.89,241.89,9571770,0.0
162,2019-03-08,244.6,245.33,226.7082,233.95,233.95,10675455,0.0
163,2019-03-01,237.5,244.35,233.45,243.52,243.52,8959360,0.0
164,2019-02-22,233.49,236.1459,226.51,235.0,235.0,7080005,0.0
165,2019-02-15,229.89,237.49,227.072,234.89,234.89,8710817,0.0
166,2019-02-08,220.83,229.5,220.1,228.56,228.56,10250783,0.0
167,2019-02-01,188.05,228.41,184.005,221.51,221.51,22567177,0.0
168,2019-01-25,187.78,191.27,182.46,191.08,191.08,5869425,0.0
169,2019-01-18,187.87,192.79,185.22,190.09,190.09,9859993,0.0
170,2019-01-11,180.75,191.95,179.4,191.69,191.69,8814046,0.0
171,2019-01-04,182.92,183.27,168.47,179.23,179.23,8882129,0.0
172,2018-12-28,159.02,184.0876,158.0,180.33,180.33,9326957,0.0
173,2018-12-21,180.01,181.14,160.0,162.0,162.0,12136267,0.0
174,2018-12-14,181.0,191.355,181.0,181.98,181.98,9189042,0.0
175,2018-12-07,192.05,192.16,174.0,182.38,182.38,9380230,0.0
176,2018-11-30,164.09,186.27,160.705,185.27,185.27,11237909,0.0
177,2018-11-23,169.56,169.855,147.63,160.63,160.63,9692212,0.0
178,2018-11-16,175.2,176.99,166.52,171.09,171.09,8966216,0.0
179,2018-11-09,178.98,194.04,173.91,177.59,177.59,9557575,0.0
180,2018-11-02,172.09,186.35,157.6,178.78,178.78,12747688,0.0
181,2018-10-26,178.91,184.66,162.18,166.76,166.76,17830066,0.0
182,2018-10-19,184.16,193.35,176.66,177.15,177.15,10665488,0.0
183,2018-10-12,184.39,188.07,171.81,184.45,184.45,15016936,0.0
184,2018-10-05,197.25,199.23,181.65,186.6,186.6,9971999,0.0
185,2018-09-28,187.63,198.885,185.67,195.63,195.63,7827825,0.0
186,2018-09-21,201.88,201.95,182.73,189.69,189.69,14303478,0.0
187,2018-09-14,199.88,206.295,195.29,202.97,202.97,8216097,0.0
188,2018-09-07,195.95,200.66,188.3,196.98,196.98,7870571,0.0
189,2018-08-31,194.0,201.0,191.52,196.36,196.36,8923911,0.0
190,2018-08-24,180.17,194.75,179.145,193.56,193.56,9553208,0.0
191,2018-08-17,187.01,189.17,178.8,180.83,180.83,5826116,0.0
192,2018-08-10,181.12,190.63,181.12,187.47,187.47,5078173,0.0
193,2018-08-03,184.0,184.95,174.3458,180.88,180.88,10594430,0.0
194,2018-07-27,190.18,194.67,178.35,183.95,183.95,15151809,0.0
195,2018-07-20,191.96,194.02,184.225,191.08,191.08,6580179,0.0
196,2018-07-13,183.23,194.81,181.1,191.06,191.06,8194777,0.0
197,2018-07-06,171.61,183.284,170.3937,182.16,182.16,4463503,0.0
198,2018-06-29,174.43,175.74,167.3572,172.47,172.47,7915035,0.0
199,2018-06-22,185.36,188.59,172.51,176.7,176.7,8337344,0.0
200,2018-06-15,178.46,187.23,177.05,186.35,186.35,8342420,0.0
201,2018-06-08,182.57,187.389,174.32,178.19,178.19,9349023,0.0
202,2018-06-01,176.0,181.57,174.61,181.51,181.51,6908377,0.0
203,2018-05-25,175.27,177.49,168.08,176.72,176.72,6401233,0.0
204,2018-05-18,178.86,179.5,168.79,173.94,173.94,7797297,0.0
205,2018-05-11,172.09,182.585,170.7318,178.87,178.87,12159235,0.0
206,2018-05-04,163.18,173.09,163.18,171.22,171.22,8351687,0.0
207,2018-04-27,169.92,170.23,156.18,163.18,163.18,15248629,0.0
208,2018-04-20,168.51,175.5399,167.27,168.9,168.9,7992128,0.0
209,2018-04-13,164.56,171.3,162.13,166.9,166.9,8220805,0.0
210,2018-04-06,164.44,168.16,156.0,162.94,162.94,8718828,0.0
211,2018-03-29,168.55,173.38,157.16,165.45,165.45,9304903,0.0
212,2018-03-23,169.8,176.195,164.52,164.77,164.77,10486814,0.0
213,2018-03-16,172.76,176.56,169.07,169.98,169.98,9454910,0.0
214,2018-03-09,164.76,175.65,163.81,172.76,172.76,10630482,0.0
215,2018-03-02,160.8,167.1,157.525,166.67,166.67,9307870,0.0
216,2018-02-23,152.9,160.73,152.03,160.4,160.4,5863876,0.0
217,2018-02-16,146.97,156.19,145.235,154.03,154.03,8651008,0.0
218,2018-02-09,147.29,157.0,137.6,145.16,145.16,15598247,0.0
219,2018-02-02,149.59,156.545,145.63,149.76,149.76,14646493,0.0
220,2018-01-26,142.33,149.82,141.755,149.74,149.74,6870853,0.0
221,2018-01-19,141.32,142.52,139.0,142.27,142.27,7759393,0.0
222,2018-01-12,135.05,139.06,134.3625,138.19,138.19,7047478,0.0
223,2018-01-05,131.0,135.13,130.14,135.01,135.01,5390035,0.0
224,2017-12-29,128.96,131.26,128.225,130.39,130.39,3178665,0.0
225,2017-12-22,130.59,131.11,127.84,129.19,129.19,8770177,0.0
226,2017-12-15,122.41,129.52,120.16,129.5,129.5,9954769,0.0
227,2017-12-08,123.6,123.87,112.8401,121.81,121.81,10652369,0.0
228,2017-12-01,128.5,128.76,120.15,122.66,122.66,7488016,0.0
229,2017-11-24,127.53,130.05,127.29,128.3,128.3,3791797,0.0
230,2017-11-17,124.6,127.63,122.01,127.54,127.54,4745102,0.0
231,2017-11-10,125.5,127.95,123.74,125.98,125.98,5276082,0.0
232,2017-11-03,125.28,127.5,122.66,124.91,124.91,5740389,0.0
233,2017-10-27,128.99,129.56,118.5,125.73,125.73,13289577,0.0
234,2017-10-20,122.25,124.87,118.96,124.82,124.82,5901823,0.0
235,2017-10-13,122.0,123.13,119.27,122.29,122.29,4980744,0.0
236,2017-10-06,117.65,121.76,116.22,121.75,121.75,5125452,0.0
237,2017-09-29,115.8,117.79,110.17,117.53,117.53,6816083,0.0
238,2017-09-22,116.63,117.66,113.93,115.81,115.81,4924000,0.0
239,2017-09-15,117.71,118.63,114.5,116.11,116.11,6550126,0.0
240,2017-09-08,115.58,118.64,114.08,116.4,116.4,4929101,0.0
241,2017-09-01,111.0,116.54,109.7,115.49,115.49,5896400,0.0
242,2017-08-25,107.02,112.68,107.02,110.59,110.59,5239432,0.0
243,2017-08-18,106.85,109.83,106.28,107.23,107.23,4984439,0.0
244,2017-08-11,109.65,109.75,103.0,106.05,106.05,5326503,0.0
245,2017-08-04,111.87,112.36,105.89,109.71,109.71,9128015,0.0
246,2017-07-28,108.38,115.85,106.8,111.65,111.65,14152271,0.0
247,2017-07-21,110.74,111.68,107.58,108.19,108.19,8850718,0.0
248,2017-07-14,106.66,113.01,106.29,110.38,110.38,9406632,0.0
249,2017-07-07,106.55,106.85,103.22,106.29,106.29,6218741,0.0
250,2017-06-30,107.9,109.13,104.51,106.0,106.0,12087239,0.0
251,2017-06-23,102.24,108.55,101.96,107.79,107.79,9820367,0.0
252,2017-06-16,102.2,104.14,99.01,101.2,101.2,12512409,0.0
253,2017-06-09,107.39,110.66,101.82,103.74,103.74,10565331,0.0
254,2017-06-02,105.42,107.55,103.81,107.3,107.3,7885916,0.0
255,2017-05-26,99.81,106.73,99.76,106.03,106.03,14915426,0.0
256,2017-05-19,97.24,100.72,96.91,99.3,99.3,11366110,0.0
257,2017-05-12,97.68,99.09,95.5,96.9,96.9,7035286,0.0
258,2017-05-05,94.64,98.19,93.71,98.07,98.07,8223659,0.0
259,2017-04-28,89.67,96.92,88.35,94.48,94.48,12427172,0.0
260,2017-04-21,85.04,89.43,84.92,88.32,88.32,6123127,0.0
261,2017-04-13,85.95,86.39,84.03,84.64,84.64,3616862,0.0
262,2017-04-07,87.6,88.36,85.1,86.02,86.02,5284157,0.0
263,2017-03-31,84.24,88.0,83.42,87.47,87.47,4968545,0.0
264,2017-03-24,88.85,89.0,83.46,84.81,84.81,6133507,0.0
265,2017-03-17,88.09,89.47,86.68,88.71,88.71,5419957,0.0
266,2017-03-10,85.93,88.59,85.56,88.03,88.03,5442087,0.0
267,2017-03-03,90.61,90.61,86.01,86.47,86.47,13527590,0.0
268,2017-02-24,93.02,93.67,90.66,91.82,91.82,3035652,0.0
269,2017-02-17,92.18,94.72,91.23,92.74,92.74,6496385,0.0
270,2017-02-10,89.19,92.82,88.63,92.46,92.46,8441430,0.0
271,2017-02-03,89.6,91.17,88.01,89.47,89.47,10377199,0.0
272,2017-01-27,83.84,92.98,82.14,90.09,90.09,11511731,0.0
273,2017-01-20,83.08,84.349,81.29,83.4,83.4,4899997,0.0
274,2017-01-13,81.8,84.9,80.91,83.53,83.53,6836570,0.0
275,2017-01-06,75.31,82.39,74.63,82.1,82.1,6367760,0.0
276,2016-12-30,76.01,77.4,73.66,74.34,74.34,3338179,0.0
277,2016-12-23,77.72,78.515,74.17,76.02,76.02,4873649,0.0
278,2016-12-16,78.85,80.7,76.76,77.86,77.86,5643519,0.0
279,2016-12-09,77.33,81.59,77.26,79.4,79.4,7446530,0.0
280,2016-12-02,87.7,88.4,72.8,76.56,76.56,11169950,0.0
281,2016-11-25,85.8,88.39,85.42,87.74,87.74,4922180,0.0
282,2016-11-18,82.89,87.79,82.3,85.75,85.75,6244058,0.0
283,2016-11-11,84.77,87.7,80.5,82.63,82.63,8356567,0.0
284,2016-11-04,86.13,88.04,83.1,83.21,83.21,10260197,0.0
285,2016-10-28,80.39,89.79,78.61,86.12,86.12,20747312,0.0
286,2016-10-21,75.73,80.26,74.26,80.06,80.06,8532849,0.0
287,2016-10-14,79.04,80.8,73.02,75.62,75.62,9006606,0.0
288,2016-10-07,79.07,80.02,77.47,78.52,78.52,6047137,0.0
289,2016-09-30,77.13,80.31,76.35,79.15,79.15,6905936,0.0
290,2016-09-23,77.88,78.2,74.78,77.45,77.45,5805215,0.0
291,2016-09-16,73.22,78.3499,71.34,77.29,77.29,9195040,0.0
292,2016-09-09,76.73,78.39,73.35,73.58,73.58,5861452,0.0
293,2016-09-02,73.61,76.86,71.74,76.24,76.24,6255413,0.0
294,2016-08-26,73.63,74.91,71.245,73.5,73.5,5139214,0.0
295,2016-08-19,75.84,76.81,72.48,73.69,73.69,4703252,0.0
296,2016-08-12,75.0,76.2932,74.27,75.77,75.77,4866490,0.0
297,2016-08-05,74.79,75.9915,71.69,75.83,75.83,8044806,0.0
298,2016-07-29,72.84,78.77,72.48,74.92,74.92,11125394,0.0
299,2016-07-22,70.82,73.42,69.63,72.67,72.67,6617205,0.0
300,2016-07-15,69.41,72.76,68.115,71.02,71.02,6885707,0.0
301,2016-07-08,65.91,69.63,64.31,69.12,69.12,6111314,0.0
302,2016-07-01,69.67,69.86,63.51,66.21,66.21,9307613,0.0
303,2016-06-24,73.17,75.19,70.21,70.33,70.33,6798081,0.0
304,2016-06-17,73.32,75.09,71.62,72.07,72.07,6320396,0.0
305,2016-06-10,73.69,77.76,73.46,74.03,74.03,7836097,0.0
306,2016-06-03,70.58,74.26,70.27,73.53,73.53,6472472,0.0
307,2016-05-27,69.57,71.81,68.91,70.73,70.73,6320957,0.0
308,2016-05-20,67.56,72.0,67.29,70.0,70.0,8934220,0.0
309,2016-05-13,66.85,70.12,66.8,67.44,67.44,7040037,0.0
310,2016-05-06,71.45,72.1,65.83,67.28,67.28,7579326,0.0
311,2016-04-29,73.35,74.57,70.17,71.48,71.48,8651484,0.0
312,2016-04-22,63.2,76.84,62.55,73.11,73.11,18801629,0.0
313,2016-04-15,64.87,65.33,61.43,63.28,63.28,10217878,0.0
314,2016-04-08,62.07,65.03,61.959,64.5,64.5,8257140,0.0
315,2016-04-01,61.64,62.43,59.77,62.03,62.03,8761491,0.0
316,2016-03-24,60.25,63.12,59.91,61.69,61.69,6088929,0.0
317,2016-03-18,62.84,63.11,59.94,60.15,60.15,9715935,0.0
318,2016-03-11,57.99,63.675,56.58,63.35,63.35,11052322,0.0
319,2016-03-04,55.25,59.56,54.94,58.5,58.5,11897122,0.0
320,2016-02-26,55.1,56.35,50.0,55.51,55.51,13312982,0.0
321,2016-02-19,50.59,55.84,49.95,54.74,54.74,14176593,0.0
322,2016-02-12,50.92,51.8,45.995,50.08,50.08,20271751,0.0
323,2016-02-05,61.6,62.83,49.4601,52.31,52.31,22017449,0.0
324,2016-01-29,76.44,78.19,57.67,62.21,62.21,35661604,0.0
325,2016-01-22,77.16,77.79,70.14,76.67,76.67,7297829,0.0
326,2016-01-15,78.72,81.79,73.91,76.34,76.34,7953652,0.0
327,2016-01-08,84.98,85.67,77.89,78.12,78.12,6793400,0.0
328,2015-12-31,86.64,88.56,85.99,86.56,86.56,2993868,0.0
329,2015-12-24,86.93,87.63,86.07,86.96,86.96,3661324,0.0
330,2015-12-18,83.47,88.22,82.123,85.73,85.73,9246909,0.0
331,2015-12-11,89.53,89.905,83.17,83.49,83.49,6806557,0.0
332,2015-12-04,87.58,91.28,86.13,89.99,89.99,8588630,0.0
333,2015-11-27,86.07,87.74,85.15,87.29,87.29,2797870,0.0
334,2015-11-20,82.57,87.21,82.04,86.19,86.19,6689099,0.0
335,2015-11-13,85.0,85.53,82.32,82.88,82.88,5678704,0.0
336,2015-11-06,81.68,85.88,80.64,85.24,85.24,6453810,0.0
337,2015-10-30,78.87,82.91,77.75,81.65,81.65,6728526,0.0
338,2015-10-23,76.34,78.96,72.29,78.89,78.89,11436806,0.0
339,2015-10-16,74.34,76.49,73.43,76.46,76.46,4690253,0.0
340,2015-10-09,72.62,76.91,71.77,74.42,74.42,7567045,0.0
341,2015-10-02,72.63,72.81,67.07,72.23,72.23,7231872,0.0
342,2015-09-25,74.78,75.619,70.97,72.86,72.86,6349829,0.0
343,2015-09-18,73.57,75.54,72.35,74.36,74.36,4912000,0.0
344,2015-09-11,70.98,74.44,70.7,73.6,73.6,4314310,0.0
345,2015-09-04,72.15,72.78,67.85,69.79,69.79,6973586,0.0
346,2015-08-28,65.97,73.37,64.29,72.54,72.54,9331957,0.0
347,2015-08-21,76.03,77.88,68.55,69.91,69.91,5890795,0.0
348,2015-08-14,77.54,77.84,74.44,76.63,76.63,4401786,0.0
349,2015-08-07,80.5,80.96,74.91,76.95,76.95,6927754,0.0
350,2015-07-31,78.85,81.21,74.95,80.5,80.5,11670065,0.0
351,2015-07-24,79.17,80.97,77.47,79.64,79.64,4008048,0.0
352,2015-07-17,77.34,80.23,75.81,78.92,78.92,4384831,0.0
353,2015-07-10,73.4,77.585,72.08,76.74,76.74,4750724,0.0
354,2015-07-02,75.81,76.61,73.16,74.53,74.53,4297787,0.0
355,2015-06-26,81.0,81.67,75.31,77.02,77.02,6454942,0.0
356,2015-06-19,77.07,81.32,76.46,80.38,80.38,6459083,0.0
357,2015-06-12,76.78,78.68,73.66,77.94,77.94,5110116,0.0
358,2015-06-05,76.64,77.16,74.91,76.89,76.89,5486790,0.0
359,2015-05-29,78.34,79.13,75.66,76.61,76.61,6795504,0.0
360,2015-05-22,75.32,79.0,75.32,78.76,78.76,6707266,0.0
361,2015-05-15,73.71,77.14,72.09,75.71,75.71,5635537,0.0
362,2015-05-08,73.73,76.26,71.42,73.91,73.91,6190683,0.0
363,2015-05-01,76.79,79.5,73.52,73.75,73.75,8472361,0.0
364,2015-04-24,73.6,78.2299,72.78,76.09,76.09,12843049,0.0
365,2015-04-17,82.79,83.52,70.32,73.29,73.29,20730968,0.0
366,2015-04-10,76.93,82.36,75.98,82.34,82.34,5341255,0.0
367,2015-04-02,78.96,80.04,75.126,76.12,76.12,4703501,0.0
368,2015-03-27,79.37,80.39,75.0,78.47,78.47,5059660,0.0
369,2015-03-20,77.26,81.0,76.95,79.38,79.38,5915218,0.0
370,2015-03-13,74.0,77.3,72.42,76.92,76.92,5203443,0.0
371,2015-03-06,75.97,76.94,73.37,74.06,74.06,5668559,0.0
372,2015-02-27,78.77,81.24,75.95,76.26,76.26,9205861,0.0
373,2015-02-20,77.12,79.3,75.46,79.06,79.06,3882723,0.0
374,2015-02-13,74.27,77.64,72.46,77.55,77.55,6078116,0.0
375,2015-02-06,72.33,75.274,70.07,74.94,74.94,7632975,0.0
376,2015-01-30,68.7,74.35,66.41,72.9,72.9,10421336,0.0
377,2015-01-23,63.84,69.5,62.55,68.74,68.74,3150112,0.0
378,2015-01-16,67.12,69.44,63.1,63.96,63.96,4051160,0.0
379,2015-01-09,66.57,69.28,65.1675,67.11,67.11,3956530,0.0
380,2015-01-02,69.96,69.96,66.27,67.38,67.38,2661467,0.0
381,2014-12-26,69.0,70.9,68.99,70.12,70.12,2637144,0.0
382,2014-12-19,62.75,69.34,62.09,69.1,69.1,7716264,0.0
383,2014-12-12,61.99,63.48,59.58,61.25,61.25,5411439,0.0
384,2014-12-05,63.41,63.44,60.48,62.63,62.63,5326018,0.0
385,2014-11-28,64.36,64.66,62.0,63.96,63.96,3082597,0.0
386,2014-11-21,67.01,67.4025,62.69,63.98,63.98,4970243,0.0
387,2014-11-14,67.4,69.34,66.51,67.51,67.51,4780306,0.0
388,2014-11-07,67.44,68.28,65.24,67.79,67.79,5231507,0.0
389,2014-10-31,65.14,69.87,63.97,67.93,67.93,6847511,0.0
390,2014-10-24,60.23,66.49,57.87,65.45,65.45,12043663,0.0
391,2014-10-17,56.83,61.1,54.05,60.38,60.38,7919834,0.0
392,2014-10-10,60.25,61.89,56.3,56.47,56.47,4920417,0.0
393,2014-10-03,58.9,60.38,55.8,60.29,60.29,4595215,0.0
394,2014-09-26,61.96,61.96,58.25,59.56,59.56,4492463,0.0
395,2014-09-19,62.43,63.669,57.89,62.34,62.34,8202500,0.0
396,2014-09-12,62.75,64.98,61.14,61.61,61.61,7548000,0.0
397,2014-09-05,61.27,63.75,60.51,62.47,62.47,5079200,0.0
398,2014-08-29,60.0,61.58,58.22,61.13,61.13,5907300,0.0
399,2014-08-22,55.35,60.4,55.22,59.62,59.62,7336000,0.0
400,2014-08-15,55.41,56.27,54.11,54.7,54.7,4826200,0.0
401,2014-08-08,56.83,58.11,54.51,55.0,55.0,6018900,0.0
402,2014-08-01,59.56,63.17,56.47,57.71,57.71,11553700,0.0
403,2014-07-25,57.03,60.31,56.69,59.73,59.73,5665700,0.0
404,2014-07-18,57.72,59.0,55.615,57.52,57.52,7380000,0.0
405,2014-07-11,61.33,61.71,54.12,57.02,57.02,8316000,0.0
406,2014-07-03,61.4,64.61,61.19,61.6,61.6,5718800,0.0
407,2014-06-27,60.07,62.81,59.52,61.4,61.4,9483000,0.0
408,2014-06-20,58.96,60.75,58.36,60.47,60.47,6935300,0.0
409,2014-06-13,56.77,59.21,54.95,59.2,59.2,8794700,0.0
410,2014-06-06,52.33,56.99,48.67,56.61,56.61,13698800,0.0
411,2014-05-30,52.75,54.78,51.51,52.31,52.31,10190600,0.0
412,2014-05-23,47.18,52.96,46.8,52.53,52.53,8854700,0.0
413,2014-05-16,46.83,49.0,45.96,47.39,47.39,9620100,0.0
414,2014-05-09,50.56,52.74,45.53,46.46,46.46,16299000,0.0
415,2014-05-02,47.6,53.04,44.17,51.18,51.18,18577200,0.0
416,2014-04-25,52.1,55.33,45.07,47.23,47.23,22327500,0.0
417,2014-04-17,50.12,53.97,48.63,53.26,53.26,9594400,0.0
418,2014-04-11,51.75,55.0,49.1,49.67,49.67,23696800,0.0
419,2014-04-04,58.38,63.96,51.87,52.32,52.32,16942700,0.0
420,2014-03-28,62.63,63.06,55.1401,57.91,57.91,12708900,0.0
421,2014-03-21,66.8,69.45,62.53,62.56,62.56,7016900,0.0
422,2014-03-14,66.94,69.41,65.41,66.18,66.18,6351800,0.0
423,2014-03-07,66.78,71.46,65.58,67.14,67.14,7566000,0.0
424,2014-02-28,68.88,71.8,65.78,68.06,68.06,7122300,0.0
425,2014-02-21,67.1,71.1,66.02,69.28,69.28,5199900,0.0
426,2014-02-14,65.96,68.48,65.04,67.53,67.53,5387100,0.0
427,2014-02-07,63.07,67.71,61.46,66.29,66.29,11702000,0.0
428,2014-01-31,59.06,70.48,56.07,63.43,63.43,16177700,0.0
429,2014-01-24,62.24,62.82,58.06,58.56,58.56,5367400,0.0
430,2014-01-17,59.68,63.04,56.45,62.05,62.05,7674000,0.0
431,2014-01-10,55.1,59.5,55.1,59.38,59.38,8085700,0.0
432,2014-01-03,55.53,56.71,54.36,55.18,55.18,2756600,0.0
433,2013-12-27,54.75,55.84,54.44,55.5,55.5,3029500,0.0
434,2013-12-20,51.02,54.27,50.15,54.21,54.21,8543800,0.0
435,2013-12-13,52.98,53.0,48.22,50.53,50.53,8913100,0.0
436,2013-12-06,53.2,54.285,51.52,52.71,52.71,5068100,0.0
437,2013-11-29,55.49,55.5,52.17,53.11,53.11,10761800,0.0
438,2013-11-22,53.27,55.82,50.54,55.42,55.42,8713100,0.0
439,2013-11-15,51.82,53.86,51.5,53.1,53.1,5567600,0.0
440,2013-11-08,54.14,56.355,51.2,51.86,51.86,10638800,0.0
441,2013-11-01,56.6,56.94,52.82,53.81,53.81,5548400,0.0
442,2013-10-25,52.68,58.41,52.5,56.69,56.69,8891800,0.0
443,2013-10-18,51.18,52.9,49.68,51.83,51.83,4956200,0.0
444,2013-10-11,54.26,55.46,47.3701,51.59,51.59,9226200,0.0
445,2013-10-04,52.1,55.46,50.61,54.43,54.43,7031500,0.0
446,2013-09-27,52.0,53.11,51.5,52.52,52.52,5474500,0.0
447,2013-09-20,48.96,52.26,48.215,52.23,52.23,9829200,0.0
448,2013-09-13,47.02,50.35,46.61,48.79,48.79,6827300,0.0
449,2013-09-06,47.1,48.09,46.12,46.95,46.95,6375800,0.0
450,2013-08-30,45.82,47.83,45.58,46.88,46.88,7949700,0.0
451,2013-08-23,44.35,46.6,43.52,45.74,45.74,9771200,0.0
452,2013-08-16,41.9,44.61,41.35,44.47,44.47,7549600,0.0
453,2013-08-09,45.36,45.36,41.33,42.49,42.49,6593000,0.0
454,2013-08-02,44.1,47.43,42.57,45.62,45.62,11675500,0.0
455,2013-07-26,44.0,45.57,43.41,44.14,44.14,4044400,0.0
456,2013-07-19,45.43,45.92,43.53,43.89,43.89,6060300,0.0
457,2013-07-12,43.14,46.535,42.18,45.46,45.46,8789400,0.0
458,2013-07-05,40.21,43.34,39.825,43.31,43.31,4950000,0.0
459,2013-06-28,38.92,41.4,38.12,40.39,40.39,11085400,0.0
460,2013-06-21,37.76,39.61,37.23,39.24,39.24,6601800,0.0
461,2013-06-14,39.34,40.49,35.9,37.25,37.25,9910300,0.0
462,2013-06-07,36.54,39.23,35.58,39.16,39.16,5746100,0.0
463,2013-05-31,38.57,38.88,35.21,36.76,36.76,5584000,0.0
464,2013-05-24,40.48,41.0,36.5,37.81,37.81,6205600,0.0
465,2013-05-17,39.22,41.08,39.05,40.39,40.39,9429700,0.0
466,2013-05-10,41.0,41.0,38.31,38.99,38.99,8432600,0.0
467,2013-05-03,42.4,43.01,38.6499,40.95,40.95,8593800,0.0
468,2013-04-26,36.27,43.99,35.99,42.51,42.51,12834900,0.0
469,2013-04-19,34.98,37.85,34.64,36.29,36.29,5750400,0.0
470,2013-04-12,35.24,36.13,34.76,35.19,35.19,4119300,0.0
471,2013-04-05,36.2,36.495,33.95,35.17,35.17,4596600,0.0
472,2013-03-28,36.38,37.24,35.68,36.2,36.2,2409100,0.0
473,2013-03-22,36.64,36.64,34.39,36.27,36.27,5825700,0.0
474,2013-03-15,36.91,38.22,35.72,37.1,37.1,6719800,0.0
475,2013-03-08,32.49,37.47,32.48,36.66,36.66,8596000,0.0
476,2013-03-01,33.48,33.75,30.89,32.79,32.79,7933300,0.0
477,2013-02-22,33.66,34.33,31.11,33.48,33.48,9405000,0.0
478,2013-02-15,29.75,34.12,28.7,33.86,33.86,13306000,0.0
479,2013-02-08,28.0,29.92,27.7,29.83,29.83,6404700,0.0
480,2013-02-01,30.88,31.47,25.71,28.07,28.07,16340700,0.0
481,2013-01-25,27.16,31.5,26.83,31.1,31.1,4766800,0.0
482,2013-01-18,27.22,27.78,25.59,27.4,27.4,4429300,0.0
483,2013-01-11,28.54,29.1,25.54,27.46,27.46,8599200,0.0
484,2013-01-04,28.94,30.75,28.9,29.02,29.02,4670300,0.0
485,2012-12-28,32.24,32.569,28.9,29.05,29.05,6447700,0.0
486,2012-12-21,30.5,33.0,30.0,32.49,32.49,2622700,0.0
487,2012-12-14,29.42,31.28,29.25,30.54,30.54,2281800,0.0
488,2012-12-07,31.38,32.65,28.52,29.3,29.3,4631400,0.0
489,2012-11-30,28.61,33.02,28.61,32.63,32.63,5510600,0.0
490,2012-11-23,30.52,33.75,28.82,30.77,30.77,4065000,0.0
491,2012-11-16,30.0,34.5,28.15,30.35,30.35,10440600,0.0
492,2012-11-09,32.15,33.53,29.714,30.07,30.07,2038300,0.0
493,2012-11-02,32.11,32.74,29.551,32.14,32.14,1807700,0.0
494,2012-10-26,34.45,37.59,30.711,31.89,31.89,4321500,0.0
495,2012-10-19,32.88,35.48,32.8,34.35,34.35,2738700,0.0
496,2012-10-12,36.6,36.8,32.89,33.32,33.32,2067700,0.0
497,2012-10-05,37.98,38.143,34.62,37.0,37.0,2368900,0.0
498,2012-09-28,39.9,41.77,36.16,38.68,38.68,3899300,0.0
499,2012-09-21,39.0,39.83,36.38,39.63,39.63,2989400,0.0
500,2012-09-14,37.0,39.33,32.84,39.06,39.06,2280800,0.0
501,2012-09-07,31.11,37.31,31.1084,36.55,36.55,1471700,0.0
502,2012-08-31,29.7,31.5,29.03,31.1,31.1,1001600,0.0
503,2012-08-24,29.55,30.67,28.79,29.7,29.7,1530000,0.0
504,2012-08-17,32.03,33.96,29.44,29.6,29.6,1924900,0.0
505,2012-08-10,29.0,32.0,27.01,31.65,31.65,1434000,0.0
506,2012-08-03,25.25,31.43,25.05,28.67,28.67,1468100,0.0
507,2012-07-27,25.01,25.96,23.91,25.33,25.33,1263800,0.0
508,2012-07-20,24.08,25.23,23.8,25.23,25.23,964800,0.0
509,2012-07-13,25.96,26.3,22.62,24.18,24.18,1167500,0.0
510,2012-07-06,24.75,26.26,24.1,25.84,25.84,1953900,0.0
